"num_item_id","definition","type","category","8","9","10","11","12","13","14","15","16","17","18"
1,"respname","first_signs",NA,0,0,0,0,0,0,0,0,0,0,0
2,"respno","first_signs",NA,0,0,0,0,0,0,0,0,0,0,0
3,"reactmd","first_signs",NA,0,0,0,0,0,0,0,0,0,0,0
4,"arehngry","phrases",NA,0.37,0.29,0.29,0.4,0.48,0.64,0.58,0.68,0.88,0.83,0.87
5,"aretired","phrases",NA,0.17,0.27,0.21,0.39,0.39,0.53,0.55,0.64,0.82,0.75,0.79
6,"becarefl","phrases",NA,0.06,0.19,0.21,0.36,0.39,0.56,0.52,0.54,0.79,0.7,0.81
7,"bequiet","phrases",NA,0.03,0.07,0.15,0.12,0.24,0.27,0.3,0.36,0.54,0.55,0.58
8,"claphand","phrases",NA,0.26,0.34,0.54,0.69,0.82,0.85,0.78,0.79,0.92,0.93,0.95
9,"cgdiaper","phrases",NA,0.37,0.36,0.35,0.47,0.52,0.68,0.62,0.76,0.94,0.96,0.93
10,"comehere","phrases",NA,0.69,0.6,0.71,0.86,0.94,0.94,0.85,0.88,0.98,0.97,0.95
11,"mdhome","phrases",NA,0.77,0.7,0.68,0.8,0.85,0.93,0.78,0.88,0.98,0.96,0.99
12,"wantmore","phrases",NA,0.43,0.32,0.25,0.47,0.51,0.67,0.56,0.67,0.91,0.89,0.92
13,"dontdo","phrases",NA,0.17,0.35,0.46,0.59,0.65,0.69,0.69,0.7,0.86,0.82,0.85
14,"dontouch","phrases",NA,0.29,0.35,0.46,0.55,0.68,0.7,0.68,0.79,0.9,0.9,0.85
15,"getup","phrases",NA,0.23,0.2,0.2,0.24,0.37,0.49,0.52,0.55,0.78,0.73,0.77
16,"givemom","phrases",NA,0.09,0.23,0.35,0.64,0.73,0.88,0.8,0.88,0.97,0.98,0.99
17,"givehug","phrases",NA,0.2,0.16,0.26,0.4,0.5,0.65,0.58,0.73,0.9,0.87,0.94
18,"givekiss","phrases",NA,0.2,0.3,0.46,0.59,0.64,0.76,0.72,0.83,0.95,0.94,0.96
19,"goget","phrases",NA,0.03,0.14,0.19,0.32,0.48,0.68,0.64,0.77,0.95,0.91,0.93
20,"goodgb","phrases",NA,0.23,0.43,0.48,0.69,0.7,0.76,0.73,0.8,0.88,0.85,0.86
21,"holdstil","phrases",NA,0.11,0.1,0.17,0.14,0.15,0.3,0.31,0.35,0.55,0.49,0.55
22,"gobyebye","phrases",NA,0.31,0.44,0.48,0.71,0.74,0.82,0.77,0.88,0.97,0.96,1
23,"lookhere","phrases",NA,0.51,0.39,0.5,0.61,0.72,0.78,0.72,0.75,0.93,0.94,0.88
24,"openmth","phrases",NA,0.34,0.21,0.3,0.38,0.39,0.51,0.51,0.58,0.77,0.79,0.8
25,"sitdown","phrases",NA,0.14,0.14,0.21,0.37,0.48,0.64,0.58,0.76,0.93,0.93,0.93
26,"spitout","phrases",NA,0.09,0.14,0.09,0.22,0.34,0.43,0.48,0.58,0.72,0.65,0.73
27,"stopit","phrases",NA,0.23,0.3,0.35,0.37,0.55,0.59,0.58,0.69,0.83,0.8,0.79
28,"gonight","phrases",NA,0.26,0.33,0.35,0.45,0.61,0.69,0.72,0.77,0.92,0.96,0.92
29,"throwbll","phrases",NA,0.17,0.3,0.27,0.61,0.67,0.87,0.72,0.78,0.97,0.96,0.94
30,"litpiggy","phrases",NA,0.14,0.14,0.15,0.3,0.31,0.41,0.35,0.4,0.62,0.56,0.62
31,"wantride","phrases",NA,0.17,0.14,0.12,0.17,0.31,0.41,0.42,0.5,0.73,0.7,0.74
32,"imitate","starting_to_talk",NA,0,0,0,0,0,0,0,0,0,0,0
33,"label","starting_to_talk",NA,0,0,0,0,0,0,0,0,0,0,0
34,"baa baa","word","sounds",0.34,0.29,0.46,0.45,0.48,0.45,0.62,0.5,0.68,0.75,0.74
35,"choo choo","word","sounds",0.11,0.04,0.12,0.09,0.22,0.29,0.24,0.43,0.58,0.6,0.62
36,"cockadoodledoo","word","sounds",0.09,0.02,0.06,0.04,0.11,0.17,0.17,0.31,0.45,0.46,0.51
37,"grrr","word","sounds",0.11,0.16,0.33,0.22,0.34,0.46,0.45,0.56,0.72,0.66,0.79
38,"meow","word","sounds",0.29,0.22,0.26,0.38,0.41,0.59,0.59,0.64,0.82,0.8,0.85
39,"moo","word","sounds",0.14,0.12,0.15,0.18,0.24,0.48,0.42,0.48,0.76,0.79,0.83
40,"ouch","word","sounds",0.23,0.13,0.25,0.35,0.42,0.47,0.58,0.56,0.72,0.75,0.86
41,"quack quack","word","sounds",0.11,0.14,0.15,0.26,0.31,0.52,0.42,0.56,0.77,0.81,0.8
42,"uh oh","word","sounds",0.37,0.28,0.46,0.55,0.63,0.75,0.74,0.78,0.92,0.89,0.99
43,"vroom","word","sounds",0.17,0.07,0.15,0.18,0.3,0.43,0.41,0.51,0.7,0.73,0.79
44,"woof woof","word","sounds",0.34,0.23,0.26,0.34,0.41,0.65,0.65,0.68,0.87,0.82,0.89
45,"yum yum","word","sounds",0.31,0.29,0.39,0.45,0.45,0.61,0.58,0.6,0.8,0.74,0.85
46,"animal","word","animals",0.06,0.01,0.05,0.07,0.15,0.15,0.2,0.27,0.42,0.46,0.54
47,"bear","word","animals",0.03,0.09,0.12,0.27,0.24,0.42,0.37,0.49,0.67,0.55,0.74
48,"bee","word","animals",0,0.02,0.02,0.03,0.08,0.13,0.1,0.27,0.37,0.49,0.49
49,"bird","word","animals",0.17,0.14,0.17,0.39,0.35,0.56,0.56,0.71,0.85,0.82,0.9
50,"bug","word","animals",0.09,0.02,0.03,0.04,0.08,0.12,0.2,0.3,0.38,0.46,0.55
51,"bunny","word","animals",0.09,0.12,0.11,0.32,0.3,0.44,0.42,0.52,0.68,0.69,0.76
52,"butterfly","word","animals",0,0.01,0.02,0.02,0.08,0.14,0.12,0.31,0.37,0.36,0.48
53,"cat","word","animals",0.23,0.28,0.32,0.43,0.48,0.65,0.69,0.65,0.86,0.85,0.89
54,"chicken (animal)","word","animals",0.03,0.03,0.05,0.06,0.11,0.19,0.16,0.39,0.47,0.46,0.57
55,"cow","word","animals",0.03,0.07,0.08,0.16,0.15,0.41,0.34,0.46,0.72,0.74,0.82
56,"deer","word","animals",0,0.02,0.01,0.01,0.03,0.05,0.08,0.19,0.16,0.19,0.32
57,"dog","word","animals",0.34,0.36,0.46,0.67,0.69,0.84,0.84,0.84,0.96,0.96,0.96
58,"donkey","word","animals",0,0,0.01,0.03,0.04,0.04,0.08,0.11,0.16,0.21,0.26
59,"duck","word","animals",0.06,0.14,0.12,0.28,0.3,0.56,0.4,0.64,0.82,0.85,0.89
60,"elephant","word","animals",0.03,0.05,0.03,0.1,0.09,0.18,0.17,0.24,0.45,0.45,0.55
61,"fish (animal)","word","animals",0.06,0.1,0.08,0.16,0.2,0.38,0.32,0.57,0.68,0.7,0.86
62,"frog","word","animals",0,0.01,0.01,0.04,0.08,0.18,0.19,0.28,0.46,0.46,0.61
63,"giraffe","word","animals",0,0,0.01,0.02,0.03,0.09,0.08,0.18,0.3,0.29,0.35
64,"goose","word","animals",0,0.01,0.01,0.05,0.06,0.05,0.05,0.17,0.18,0.25,0.33
65,"horse","word","animals",0.03,0.04,0.03,0.1,0.17,0.29,0.35,0.45,0.65,0.69,0.74
66,"kitty","word","animals",0.17,0.36,0.28,0.48,0.48,0.66,0.65,0.74,0.85,0.82,0.89
67,"lamb","word","animals",0,0.05,0.05,0.04,0.08,0.14,0.2,0.21,0.33,0.28,0.45
68,"lion","word","animals",0,0.01,0.04,0.04,0.06,0.16,0.2,0.22,0.44,0.37,0.51
69,"monkey","word","animals",0.06,0.06,0.06,0.05,0.08,0.21,0.22,0.36,0.48,0.49,0.63
70,"mouse","word","animals",0.03,0.03,0.02,0.02,0.09,0.13,0.16,0.27,0.34,0.45,0.5
71,"owl","word","animals",0,0,0.02,0.02,0.06,0.11,0.12,0.16,0.32,0.34,0.42
72,"penguin","word","animals",0,0,0.01,0.01,0.03,0.05,0.06,0.11,0.16,0.17,0.29
73,"pig","word","animals",0,0.06,0.08,0.1,0.15,0.34,0.29,0.4,0.65,0.61,0.76
74,"pony","word","animals",0,0.01,0.02,0.04,0.07,0.08,0.1,0.19,0.19,0.24,0.3
75,"puppy","word","animals",0.09,0.13,0.2,0.2,0.34,0.44,0.42,0.55,0.63,0.76,0.74
76,"sheep","word","animals",0,0.02,0.03,0.06,0.08,0.15,0.18,0.26,0.42,0.34,0.44
77,"squirrel","word","animals",0.03,0.02,0.01,0.03,0.03,0.08,0.13,0.22,0.23,0.21,0.44
78,"teddybear","word","animals",0.11,0.14,0.23,0.35,0.36,0.5,0.49,0.61,0.7,0.76,0.8
79,"tiger","word","animals",0,0.01,0.04,0.03,0.06,0.11,0.15,0.2,0.34,0.34,0.45
80,"turkey","word","animals",0,0.01,0.01,0.01,0.05,0.05,0.05,0.11,0.16,0.19,0.24
81,"turtle","word","animals",0,0.02,0.03,0.05,0.09,0.11,0.12,0.22,0.32,0.31,0.4
82,"airplane","word","vehicles",0.03,0.06,0.06,0.15,0.21,0.36,0.37,0.44,0.68,0.81,0.86
83,"bicycle","word","vehicles",0.03,0.03,0.03,0.1,0.15,0.16,0.32,0.36,0.44,0.63,0.68
84,"bus","word","vehicles",0.06,0.02,0.01,0.1,0.13,0.16,0.16,0.34,0.4,0.53,0.54
85,"car","word","vehicles",0.29,0.18,0.32,0.51,0.56,0.7,0.78,0.8,0.93,0.94,0.93
86,"firetruck","word","vehicles",0,0.03,0.01,0.03,0.1,0.14,0.13,0.27,0.35,0.39,0.51
87,"motorcycle","word","vehicles",0,0.02,0.01,0.02,0.05,0.06,0.12,0.21,0.22,0.31,0.38
88,"stroller","word","vehicles",0.29,0.18,0.24,0.41,0.43,0.53,0.59,0.64,0.78,0.85,0.88
89,"train","word","vehicles",0,0.06,0.02,0.04,0.13,0.24,0.2,0.34,0.54,0.51,0.7
90,"truck","word","vehicles",0.06,0.06,0.08,0.2,0.28,0.39,0.36,0.45,0.67,0.74,0.81
91,"ball","word","toys",0.31,0.36,0.46,0.71,0.77,0.89,0.92,0.93,0.98,0.98,0.98
92,"balloon","word","toys",0.09,0.17,0.16,0.36,0.48,0.64,0.65,0.75,0.85,0.91,0.95
93,"block","word","toys",0.09,0.11,0.11,0.18,0.34,0.4,0.39,0.56,0.67,0.79,0.7
94,"book","word","toys",0.26,0.35,0.37,0.61,0.7,0.86,0.78,0.88,0.97,0.97,0.98
95,"bubbles","word","toys",0.09,0.04,0.07,0.17,0.23,0.4,0.41,0.5,0.71,0.79,0.76
96,"doll","word","toys",0.11,0.11,0.15,0.28,0.29,0.4,0.46,0.56,0.61,0.66,0.69
97,"pen","word","toys",0.06,0.03,0.03,0.07,0.12,0.18,0.23,0.4,0.46,0.51,0.73
98,"toy (object)","word","toys",0.26,0.21,0.27,0.36,0.45,0.49,0.59,0.66,0.74,0.81,0.77
99,"apple","word","food_drink",0.06,0.13,0.12,0.21,0.2,0.36,0.45,0.57,0.72,0.78,0.81
100,"banana","word","food_drink",0.06,0.18,0.29,0.52,0.47,0.69,0.66,0.76,0.9,0.9,0.93
101,"bread","word","food_drink",0.06,0.05,0.1,0.19,0.24,0.39,0.43,0.51,0.62,0.62,0.7
102,"butter","word","food_drink",0,0,0.01,0,0.02,0.03,0.06,0.18,0.16,0.24,0.25
103,"cake","word","food_drink",0.06,0.03,0.03,0.03,0.1,0.1,0.16,0.24,0.26,0.42,0.38
104,"candy","word","food_drink",0.06,0.03,0.03,0.04,0.06,0.09,0.21,0.28,0.29,0.44,0.5
105,"carrots","word","food_drink",0.03,0.07,0.05,0.18,0.14,0.26,0.26,0.37,0.46,0.43,0.55
106,"cereal","word","food_drink",0.09,0.15,0.17,0.22,0.34,0.4,0.45,0.56,0.66,0.67,0.75
107,"cheerios","word","food_drink",0.17,0.21,0.24,0.54,0.46,0.62,0.61,0.6,0.73,0.74,0.67
108,"cheese","word","food_drink",0.03,0.06,0.09,0.28,0.36,0.45,0.52,0.65,0.73,0.8,0.89
109,"chicken (food)","word","food_drink",0.09,0.05,0.05,0.09,0.15,0.18,0.25,0.38,0.39,0.35,0.4
110,"coffee","word","food_drink",0.03,0.01,0.01,0,0.05,0.07,0.06,0.17,0.23,0.22,0.43
111,"cookie","word","food_drink",0.2,0.15,0.29,0.43,0.47,0.61,0.6,0.77,0.84,0.83,0.82
112,"cracker","word","food_drink",0.23,0.22,0.23,0.44,0.48,0.62,0.63,0.69,0.85,0.88,0.89
113,"drink (beverage)","word","food_drink",0.11,0.18,0.26,0.39,0.45,0.62,0.57,0.7,0.84,0.81,0.85
114,"egg","word","food_drink",0.03,0.05,0.02,0.04,0.1,0.16,0.25,0.34,0.37,0.44,0.55
115,"fish (food)","word","food_drink",0.03,0.05,0.01,0.03,0.06,0.09,0.1,0.26,0.3,0.26,0.42
116,"food","word","food_drink",0.14,0.14,0.19,0.16,0.26,0.32,0.4,0.43,0.56,0.6,0.65
117,"ice cream","word","food_drink",0.17,0.05,0.08,0.17,0.12,0.21,0.31,0.4,0.45,0.52,0.62
118,"juice","word","food_drink",0.23,0.29,0.32,0.48,0.6,0.67,0.67,0.74,0.88,0.89,0.93
119,"meat","word","food_drink",0.03,0.04,0.05,0.04,0.06,0.09,0.21,0.25,0.22,0.27,0.32
120,"milk","word","food_drink",0.14,0.22,0.31,0.4,0.57,0.65,0.68,0.73,0.85,0.92,0.93
121,"noodles","word","food_drink",0.03,0.01,0.04,0.07,0.09,0.18,0.19,0.26,0.4,0.45,0.58
122,"orange (food)","word","food_drink",0,0.01,0.02,0.02,0.06,0.13,0.25,0.38,0.39,0.38,0.46
123,"peas","word","food_drink",0.03,0.04,0.03,0.09,0.13,0.21,0.18,0.32,0.43,0.45,0.55
124,"pizza","word","food_drink",0.06,0,0.02,0.05,0.08,0.13,0.18,0.26,0.4,0.47,0.54
125,"raisin","word","food_drink",0,0.01,0.01,0.01,0.08,0.09,0.22,0.28,0.36,0.44,0.56
126,"spaghetti","word","food_drink",0.06,0.01,0.03,0.04,0.1,0.15,0.21,0.3,0.37,0.37,0.49
127,"toast","word","food_drink",0.03,0.05,0.06,0.13,0.15,0.21,0.33,0.28,0.4,0.52,0.61
128,"water (beverage)","word","food_drink",0.11,0.13,0.32,0.36,0.41,0.53,0.59,0.6,0.78,0.79,0.86
129,"beads","word","clothing",0.03,0.02,0.03,0.04,0.04,0.05,0.09,0.12,0.16,0.15,0.24
130,"bib","word","clothing",0.14,0.15,0.16,0.28,0.25,0.42,0.39,0.47,0.64,0.69,0.76
131,"boots","word","clothing",0,0.02,0.02,0,0.03,0.05,0.06,0.17,0.25,0.36,0.51
132,"button","word","clothing",0.06,0.05,0.05,0.12,0.17,0.3,0.2,0.31,0.56,0.55,0.6
133,"coat","word","clothing",0.09,0.02,0.04,0.04,0.13,0.21,0.22,0.35,0.44,0.63,0.8
134,"diaper","word","clothing",0.29,0.35,0.5,0.6,0.65,0.78,0.79,0.85,0.95,0.97,0.99
135,"dress (object)","word","clothing",0.03,0.06,0.03,0.03,0.11,0.12,0.19,0.26,0.27,0.33,0.32
136,"hat","word","clothing",0.11,0.1,0.18,0.27,0.34,0.5,0.53,0.53,0.8,0.79,0.85
137,"jacket","word","clothing",0.09,0.03,0.06,0.06,0.15,0.2,0.22,0.36,0.45,0.51,0.62
138,"jeans","word","clothing",0.09,0.01,0,0,0.03,0.04,0.05,0.09,0.13,0.13,0.24
139,"necklace","word","clothing",0,0,0.01,0.04,0.08,0.11,0.08,0.21,0.3,0.33,0.38
140,"pajamas","word","clothing",0.11,0.1,0.1,0.2,0.27,0.36,0.44,0.45,0.65,0.74,0.83
141,"pants","word","clothing",0.11,0.05,0.08,0.11,0.15,0.26,0.32,0.41,0.56,0.7,0.71
142,"shirt","word","clothing",0.09,0.05,0.09,0.14,0.21,0.32,0.45,0.4,0.63,0.7,0.74
143,"shoe","word","clothing",0.2,0.15,0.26,0.5,0.64,0.77,0.8,0.88,0.98,0.97,0.99
144,"shorts","word","clothing",0.06,0.02,0.03,0.03,0.08,0.09,0.16,0.26,0.3,0.29,0.32
145,"sock","word","clothing",0.17,0.12,0.23,0.4,0.43,0.62,0.67,0.67,0.88,0.91,0.94
146,"sweater","word","clothing",0.03,0.03,0.04,0.03,0.07,0.08,0.17,0.17,0.22,0.24,0.29
147,"zipper","word","clothing",0.03,0.03,0.02,0.1,0.06,0.1,0.13,0.17,0.32,0.37,0.45
148,"arm","word","body_parts",0.09,0.03,0.08,0.1,0.11,0.22,0.24,0.38,0.57,0.58,0.65
149,"belly button","word","body_parts",0.06,0.07,0.1,0.14,0.22,0.36,0.48,0.5,0.77,0.87,0.86
150,"cheek","word","body_parts",0,0.05,0.03,0.04,0.07,0.1,0.12,0.26,0.32,0.3,0.42
151,"ear","word","body_parts",0.11,0.07,0.08,0.22,0.24,0.45,0.52,0.62,0.82,0.83,0.92
152,"eye","word","body_parts",0.2,0.09,0.17,0.34,0.34,0.54,0.64,0.69,0.87,0.94,0.95
153,"face","word","body_parts",0.06,0.05,0.11,0.07,0.16,0.21,0.28,0.38,0.48,0.49,0.63
154,"foot","word","body_parts",0.26,0.12,0.19,0.37,0.41,0.53,0.55,0.64,0.85,0.92,0.93
155,"finger","word","body_parts",0.17,0.09,0.14,0.18,0.24,0.32,0.4,0.43,0.61,0.73,0.74
156,"hair","word","body_parts",0.09,0.15,0.15,0.38,0.37,0.54,0.56,0.64,0.84,0.87,0.94
157,"hand","word","body_parts",0.14,0.15,0.15,0.26,0.29,0.43,0.42,0.58,0.75,0.78,0.86
158,"head","word","body_parts",0.06,0.04,0.08,0.15,0.17,0.34,0.37,0.48,0.67,0.66,0.79
159,"knee","word","body_parts",0.03,0.03,0.01,0.04,0.03,0.09,0.08,0.19,0.33,0.36,0.46
160,"leg","word","body_parts",0.06,0.03,0.05,0.1,0.1,0.19,0.15,0.33,0.49,0.58,0.58
161,"mouth","word","body_parts",0.2,0.17,0.24,0.43,0.44,0.55,0.59,0.68,0.84,0.87,0.93
162,"nose","word","body_parts",0.2,0.19,0.19,0.5,0.46,0.69,0.69,0.8,0.92,0.92,0.98
163,"owie/boo boo","word","body_parts",0.03,0.13,0.12,0.19,0.21,0.25,0.38,0.34,0.58,0.73,0.83
164,"tooth","word","body_parts",0,0.17,0.11,0.18,0.21,0.36,0.37,0.39,0.71,0.73,0.77
165,"toe","word","body_parts",0.2,0.1,0.14,0.27,0.25,0.37,0.45,0.48,0.69,0.78,0.76
166,"tongue","word","body_parts",0.09,0.04,0.06,0.14,0.2,0.25,0.3,0.34,0.55,0.62,0.65
167,"tummy","word","body_parts",0.11,0.14,0.15,0.28,0.29,0.44,0.53,0.55,0.78,0.84,0.89
168,"bathroom","word","furniture_rooms",0.14,0.12,0.12,0.2,0.31,0.39,0.48,0.64,0.73,0.76,0.87
169,"bathtub","word","furniture_rooms",0.26,0.24,0.26,0.39,0.51,0.6,0.66,0.73,0.85,0.89,0.93
170,"bed","word","furniture_rooms",0.14,0.18,0.25,0.28,0.32,0.48,0.6,0.7,0.78,0.75,0.88
171,"bedroom","word","furniture_rooms",0.03,0.07,0.09,0.19,0.2,0.26,0.38,0.48,0.61,0.61,0.75
172,"chair","word","furniture_rooms",0.09,0.09,0.05,0.22,0.27,0.41,0.49,0.62,0.8,0.78,0.93
173,"couch","word","furniture_rooms",0.06,0.06,0.07,0.17,0.18,0.23,0.3,0.4,0.55,0.63,0.8
174,"crib","word","furniture_rooms",0.31,0.16,0.19,0.39,0.29,0.35,0.5,0.53,0.6,0.67,0.67
175,"door","word","furniture_rooms",0.06,0.06,0.13,0.4,0.44,0.54,0.58,0.71,0.84,0.81,0.9
176,"drawer","word","furniture_rooms",0,0.01,0.02,0.05,0.15,0.18,0.19,0.25,0.38,0.39,0.5
177,"garage","word","furniture_rooms",0,0,0.01,0.01,0.05,0.1,0.12,0.18,0.33,0.28,0.38
178,"high chair","word","furniture_rooms",0.2,0.18,0.15,0.34,0.39,0.49,0.5,0.57,0.76,0.81,0.83
179,"kitchen","word","furniture_rooms",0.06,0.09,0.11,0.22,0.24,0.33,0.45,0.46,0.66,0.72,0.83
180,"living room","word","furniture_rooms",0.09,0.03,0.03,0.12,0.06,0.11,0.2,0.31,0.33,0.37,0.54
181,"oven","word","furniture_rooms",0,0.03,0.01,0.03,0.09,0.1,0.18,0.26,0.32,0.38,0.54
182,"play pen","word","furniture_rooms",0.06,0.12,0.09,0.19,0.14,0.12,0.21,0.22,0.19,0.19,0.18
183,"potty","word","furniture_rooms",0.03,0.02,0.04,0.05,0.11,0.14,0.19,0.24,0.43,0.47,0.68
184,"refrigerator","word","furniture_rooms",0.06,0.09,0.08,0.14,0.15,0.28,0.37,0.47,0.6,0.66,0.77
185,"rocking chair","word","furniture_rooms",0.09,0.05,0.01,0.09,0.13,0.16,0.2,0.26,0.42,0.45,0.58
186,"sink","word","furniture_rooms",0,0.02,0.02,0.02,0.05,0.07,0.12,0.22,0.3,0.42,0.61
187,"stairs","word","furniture_rooms",0,0.03,0.06,0.14,0.17,0.33,0.36,0.53,0.66,0.62,0.81
188,"stove","word","furniture_rooms",0.06,0,0.03,0.06,0.06,0.07,0.15,0.26,0.26,0.26,0.42
189,"table","word","furniture_rooms",0.06,0.05,0.06,0.11,0.17,0.25,0.35,0.46,0.61,0.65,0.76
190,"TV","word","furniture_rooms",0.14,0.15,0.19,0.3,0.42,0.47,0.55,0.69,0.78,0.79,0.85
191,"window","word","furniture_rooms",0.09,0.09,0.06,0.15,0.22,0.3,0.43,0.47,0.57,0.65,0.8
192,"blanket","word","household",0.2,0.22,0.2,0.4,0.43,0.5,0.56,0.63,0.76,0.85,0.89
193,"bottle","word","household",0.46,0.54,0.58,0.71,0.76,0.72,0.73,0.84,0.79,0.87,0.88
194,"bowl","word","household",0.03,0.02,0.06,0.13,0.13,0.26,0.29,0.42,0.6,0.58,0.79
195,"box","word","household",0.03,0.03,0.03,0.09,0.1,0.2,0.22,0.4,0.49,0.56,0.65
196,"broom","word","household",0.03,0.02,0.05,0.06,0.14,0.21,0.28,0.38,0.51,0.62,0.64
197,"brush","word","household",0.09,0.06,0.13,0.21,0.29,0.53,0.6,0.6,0.82,0.85,0.83
198,"clock","word","household",0.03,0.02,0.03,0.09,0.1,0.17,0.14,0.28,0.37,0.44,0.55
199,"comb","word","household",0.11,0.02,0.1,0.14,0.19,0.3,0.34,0.34,0.56,0.56,0.6
200,"cup","word","household",0.14,0.15,0.32,0.53,0.55,0.7,0.69,0.76,0.88,0.9,0.93
201,"dish","word","household",0.03,0.02,0.03,0.06,0.11,0.13,0.17,0.31,0.35,0.38,0.42
202,"fork","word","household",0.09,0.01,0.02,0.05,0.12,0.18,0.25,0.32,0.54,0.55,0.74
203,"glass","word","household",0.09,0,0.02,0.12,0.15,0.15,0.28,0.28,0.35,0.3,0.55
204,"glasses","word","household",0.06,0.12,0.07,0.15,0.24,0.39,0.35,0.41,0.62,0.61,0.63
205,"hammer","word","household",0,0,0.01,0.01,0.07,0.1,0.1,0.18,0.26,0.33,0.39
206,"keys","word","household",0.14,0.2,0.29,0.46,0.52,0.64,0.65,0.76,0.87,0.9,0.94
207,"lamp","word","household",0.09,0.02,0.02,0.03,0.04,0.1,0.13,0.23,0.26,0.3,0.4
208,"light","word","household",0.09,0.1,0.1,0.19,0.33,0.41,0.38,0.48,0.68,0.75,0.77
209,"medicine","word","household",0.14,0.06,0.1,0.12,0.18,0.21,0.28,0.25,0.43,0.48,0.56
210,"money","word","household",0.14,0.03,0.03,0.03,0.07,0.07,0.12,0.26,0.25,0.3,0.44
211,"paper","word","household",0.09,0.07,0.09,0.15,0.15,0.22,0.19,0.34,0.5,0.51,0.67
212,"penny","word","household",0.03,0.01,0.01,0.01,0.03,0.04,0.06,0.17,0.14,0.11,0.18
213,"picture","word","household",0.03,0.04,0.08,0.11,0.16,0.24,0.22,0.37,0.48,0.58,0.65
214,"pillow","word","household",0.11,0.06,0.07,0.16,0.22,0.3,0.32,0.43,0.54,0.7,0.75
215,"plant","word","household",0,0.04,0.06,0.11,0.17,0.21,0.19,0.31,0.37,0.36,0.51
216,"plate","word","household",0,0.01,0.01,0.06,0.11,0.15,0.21,0.32,0.43,0.53,0.71
217,"purse","word","household",0.06,0.04,0.03,0.1,0.19,0.21,0.29,0.35,0.46,0.46,0.69
218,"radio","word","household",0,0.02,0.05,0.11,0.1,0.11,0.21,0.33,0.27,0.33,0.4
219,"scissors","word","household",0,0.01,0,0,0.03,0.05,0.08,0.14,0.16,0.19,0.37
220,"soap","word","household",0.06,0.05,0.06,0.1,0.09,0.17,0.22,0.38,0.45,0.55,0.69
221,"spoon","word","household",0.09,0.2,0.17,0.35,0.41,0.5,0.52,0.6,0.78,0.79,0.92
222,"telephone","word","household",0.14,0.18,0.28,0.43,0.53,0.67,0.62,0.7,0.89,0.91,0.93
223,"toothbrush","word","household",0.03,0.07,0.09,0.19,0.27,0.5,0.51,0.6,0.81,0.85,0.92
224,"towel","word","household",0.03,0.03,0.05,0.07,0.16,0.21,0.22,0.37,0.52,0.62,0.65
225,"trash","word","household",0.03,0.03,0.06,0.07,0.12,0.2,0.25,0.4,0.57,0.46,0.62
226,"vacuum","word","household",0.06,0.06,0.08,0.26,0.28,0.29,0.4,0.46,0.56,0.67,0.75
227,"watch (object)","word","household",0.03,0.04,0.05,0.14,0.1,0.2,0.22,0.32,0.42,0.44,0.44
228,"backyard","word","outside",0.03,0.05,0.06,0.11,0.17,0.2,0.26,0.32,0.44,0.4,0.48
229,"beach","word","outside",0.03,0.02,0.01,0.01,0.06,0.05,0.09,0.16,0.15,0.16,0.17
230,"church*","word","outside",0.03,0.03,0.02,0.05,0.08,0.09,0.13,0.17,0.17,0.19,0.24
231,"flower","word","outside",0.06,0.09,0.06,0.18,0.24,0.38,0.35,0.51,0.68,0.74,0.8
232,"garden","word","outside",0,0.02,0.01,0.03,0.04,0.05,0.08,0.11,0.16,0.16,0.25
233,"home","word","outside",0.06,0.14,0.19,0.2,0.31,0.37,0.36,0.46,0.61,0.6,0.71
234,"house","word","outside",0.06,0.05,0.06,0.1,0.14,0.2,0.25,0.39,0.48,0.52,0.61
235,"moon","word","outside",0,0.03,0.03,0.05,0.07,0.18,0.14,0.19,0.47,0.46,0.57
236,"outside","word","outside",0.29,0.21,0.26,0.52,0.58,0.68,0.76,0.77,0.91,0.91,0.92
237,"park","word","outside",0.03,0.01,0.03,0.04,0.15,0.18,0.2,0.26,0.42,0.45,0.57
238,"party","word","outside",0,0,0.01,0.02,0.04,0.03,0.03,0.15,0.09,0.09,0.13
239,"pool","word","outside",0.11,0.13,0.05,0.19,0.19,0.18,0.28,0.36,0.37,0.46,0.25
240,"rain","word","outside",0.09,0.03,0.02,0.09,0.05,0.12,0.18,0.3,0.31,0.42,0.6
241,"rock","word","outside",0,0,0.03,0.03,0.08,0.15,0.18,0.37,0.44,0.55,0.63
242,"school","word","outside",0.03,0.02,0.04,0.05,0.06,0.09,0.09,0.16,0.18,0.28,0.3
243,"shovel","word","outside",0,0,0,0.01,0.05,0.07,0.06,0.18,0.23,0.29,0.23
244,"sky","word","outside",0.03,0.02,0.03,0.07,0.08,0.13,0.12,0.21,0.33,0.34,0.49
245,"slide (object)","word","outside",0,0.03,0.01,0.05,0.12,0.25,0.26,0.34,0.61,0.63,0.77
246,"snow","word","outside",0,0.01,0.02,0.01,0.03,0.06,0.04,0.07,0.14,0.04,0.12
247,"star","word","outside",0,0,0.01,0,0.04,0.1,0.07,0.12,0.29,0.29,0.42
248,"store","word","outside",0.06,0.05,0.06,0.13,0.14,0.2,0.18,0.37,0.43,0.55,0.62
249,"sun","word","outside",0.06,0.04,0.02,0.06,0.05,0.11,0.15,0.17,0.35,0.31,0.45
250,"swing (object)","word","outside",0.2,0.12,0.09,0.21,0.27,0.4,0.33,0.43,0.66,0.67,0.75
251,"tree","word","outside",0.03,0.07,0.03,0.13,0.18,0.33,0.32,0.4,0.61,0.63,0.74
252,"water (not beverage)","word","outside",0.11,0.17,0.17,0.36,0.37,0.47,0.53,0.64,0.74,0.79,0.81
253,"work (place)","word","outside",0.06,0.03,0.03,0.07,0.07,0.11,0.12,0.21,0.28,0.33,0.48
254,"zoo","word","outside",0,0,0.01,0.01,0.04,0.03,0.05,0.13,0.14,0.16,0.31
255,"aunt","word","people",0.17,0.12,0.16,0.18,0.21,0.19,0.26,0.31,0.29,0.35,0.33
256,"baby","word","people",0.31,0.29,0.35,0.5,0.59,0.66,0.68,0.82,0.85,0.93,0.93
257,"babysitter","word","people",0.03,0.04,0.05,0.05,0.1,0.07,0.11,0.12,0.12,0.15,0.17
258,"babysitter's name","word","people",0.06,0.15,0.15,0.15,0.22,0.32,0.25,0.26,0.46,0.37,0.36
259,"boy","word","people",0.03,0.05,0.01,0.1,0.06,0.14,0.18,0.31,0.34,0.24,0.37
260,"brother","word","people",0.26,0.24,0.22,0.28,0.31,0.17,0.31,0.31,0.2,0.27,0.29
261,"child","word","people",0,0.02,0.02,0.07,0.07,0.05,0.05,0.1,0.12,0.06,0.19
262,"daddy*","word","people",0.89,0.87,0.9,0.91,0.95,0.96,0.92,0.95,0.98,0.96,0.99
263,"girl","word","people",0.06,0.06,0.02,0.12,0.06,0.14,0.18,0.22,0.31,0.21,0.33
264,"grandma*","word","people",0.43,0.41,0.52,0.51,0.56,0.66,0.72,0.65,0.79,0.82,0.82
265,"grandpa*","word","people",0.31,0.27,0.35,0.45,0.44,0.55,0.57,0.54,0.67,0.72,0.71
266,"lady","word","people",0,0,0.03,0.06,0.05,0.06,0.08,0.19,0.18,0.1,0.18
267,"man","word","people",0,0,0.02,0.06,0.06,0.08,0.08,0.22,0.22,0.16,0.25
268,"mommy*","word","people",0.91,0.88,0.9,0.95,0.97,0.98,0.95,0.98,0.99,1,0.98
269,"child's own name","word","people",0.57,0.7,0.71,0.8,0.78,0.9,0.83,0.85,0.93,0.94,0.98
270,"people","word","people",0.03,0.03,0.02,0.09,0.06,0.09,0.09,0.18,0.22,0.21,0.31
271,"person","word","people",0.06,0,0.04,0.03,0.05,0.03,0.05,0.1,0.1,0.11,0.18
272,"sister","word","people",0.2,0.24,0.25,0.29,0.23,0.19,0.24,0.32,0.2,0.29,0.24
273,"teacher","word","people",0.03,0.01,0.01,0.02,0.06,0.03,0.04,0.08,0.07,0.07,0.14
274,"uncle","word","people",0.14,0.06,0.1,0.12,0.17,0.13,0.2,0.2,0.23,0.26,0.31
275,"bath","word","games_routines",0.46,0.52,0.55,0.72,0.76,0.85,0.88,0.89,0.98,0.98,0.98
276,"breakfast","word","games_routines",0.2,0.22,0.23,0.39,0.36,0.47,0.45,0.58,0.73,0.79,0.77
277,"bye","word","games_routines",0.54,0.67,0.81,0.89,0.94,0.96,0.93,0.93,0.99,1,0.99
278,"dinner","word","games_routines",0.09,0.17,0.19,0.28,0.28,0.41,0.38,0.48,0.65,0.67,0.75
279,"don't","word","games_routines",0.17,0.27,0.39,0.48,0.55,0.61,0.67,0.66,0.82,0.82,0.79
280,"hello","word","games_routines",0.23,0.17,0.34,0.31,0.43,0.57,0.56,0.61,0.77,0.67,0.82
281,"hi","word","games_routines",0.46,0.47,0.59,0.65,0.79,0.81,0.78,0.83,0.94,0.93,0.95
282,"lunch","word","games_routines",0.11,0.15,0.15,0.32,0.29,0.39,0.37,0.5,0.67,0.75,0.74
283,"nap","word","games_routines",0.11,0.2,0.24,0.38,0.41,0.56,0.57,0.64,0.8,0.85,0.94
284,"night night","word","games_routines",0.31,0.48,0.48,0.51,0.7,0.75,0.75,0.82,0.92,0.89,0.94
285,"no","word","games_routines",0.49,0.69,0.76,0.88,0.9,0.96,0.92,0.94,0.98,0.99,0.96
286,"pattycake","word","games_routines",0.29,0.45,0.49,0.52,0.64,0.68,0.62,0.69,0.75,0.74,0.65
287,"peekaboo","word","games_routines",0.6,0.65,0.73,0.79,0.82,0.92,0.9,0.88,0.97,0.98,0.94
288,"please","word","games_routines",0.03,0.09,0.05,0.12,0.17,0.27,0.33,0.4,0.59,0.65,0.69
289,"shh/shush/hush","word","games_routines",0.29,0.23,0.26,0.29,0.39,0.47,0.53,0.56,0.7,0.73,0.77
290,"thank you","word","games_routines",0.06,0.15,0.17,0.31,0.43,0.56,0.55,0.66,0.77,0.69,0.82
291,"wait","word","games_routines",0.06,0.06,0.11,0.14,0.21,0.26,0.32,0.39,0.56,0.56,0.55
292,"wanna/want to","word","games_routines",0.06,0.06,0.09,0.13,0.21,0.29,0.27,0.41,0.55,0.49,0.56
293,"yes","word","games_routines",0.14,0.2,0.26,0.39,0.54,0.62,0.72,0.74,0.87,0.89,0.93
294,"bite","word","action_words",0.06,0.18,0.31,0.35,0.37,0.52,0.61,0.6,0.74,0.78,0.82
295,"blow","word","action_words",0.03,0.06,0.05,0.14,0.26,0.34,0.44,0.52,0.69,0.74,0.82
296,"break","word","action_words",0,0,0,0.01,0.03,0.03,0.06,0.17,0.21,0.26,0.33
297,"bring","word","action_words",0.03,0.03,0.07,0.19,0.33,0.51,0.53,0.63,0.78,0.74,0.82
298,"bump","word","action_words",0,0.07,0.06,0.04,0.1,0.14,0.17,0.28,0.33,0.35,0.45
299,"clean (action)","word","action_words",0,0.07,0.05,0.12,0.14,0.21,0.25,0.35,0.51,0.52,0.64
300,"close","word","action_words",0.03,0.03,0.03,0.16,0.27,0.44,0.38,0.56,0.73,0.7,0.75
301,"cry","word","action_words",0.06,0.13,0.16,0.26,0.27,0.31,0.45,0.51,0.55,0.63,0.69
302,"dance","word","action_words",0.17,0.14,0.16,0.34,0.5,0.62,0.61,0.69,0.86,0.91,0.9
303,"draw","word","action_words",0,0,0,0.01,0.06,0.09,0.07,0.26,0.37,0.37,0.55
304,"drink (action)","word","action_words",0.17,0.26,0.3,0.48,0.59,0.67,0.72,0.79,0.89,0.91,0.93
305,"drive","word","action_words",0,0,0.02,0.09,0.11,0.15,0.19,0.3,0.38,0.45,0.61
306,"eat","word","action_words",0.34,0.32,0.41,0.47,0.64,0.64,0.69,0.78,0.89,0.91,0.92
307,"fall","word","action_words",0.03,0.1,0.1,0.13,0.1,0.24,0.35,0.36,0.5,0.56,0.68
308,"feed","word","action_words",0.03,0.06,0.05,0.12,0.12,0.14,0.18,0.3,0.38,0.34,0.48
309,"finish","word","action_words",0.03,0.04,0.05,0.05,0.1,0.11,0.16,0.17,0.25,0.29,0.32
310,"get","word","action_words",0.14,0.03,0.1,0.23,0.31,0.55,0.51,0.62,0.82,0.79,0.85
311,"give","word","action_words",0.06,0.09,0.17,0.43,0.44,0.65,0.61,0.71,0.87,0.82,0.87
312,"go","word","action_words",0.09,0.11,0.18,0.29,0.37,0.54,0.61,0.75,0.83,0.84,0.93
313,"help","word","action_words",0,0.01,0.01,0.04,0.08,0.15,0.18,0.37,0.44,0.46,0.58
314,"hit","word","action_words",0,0.06,0.13,0.13,0.2,0.25,0.32,0.47,0.58,0.61,0.71
315,"hug","word","action_words",0.17,0.19,0.28,0.4,0.53,0.66,0.67,0.78,0.91,0.87,0.96
316,"hurry","word","action_words",0,0,0,0.02,0.06,0.08,0.17,0.21,0.26,0.24,0.35
317,"jump","word","action_words",0.11,0.05,0.05,0.04,0.06,0.12,0.18,0.31,0.42,0.53,0.63
318,"kick","word","action_words",0.03,0.03,0.03,0.04,0.16,0.16,0.18,0.4,0.46,0.54,0.61
319,"kiss","word","action_words",0.26,0.31,0.52,0.59,0.67,0.79,0.77,0.87,0.96,0.93,0.98
320,"look","word","action_words",0.17,0.19,0.29,0.38,0.4,0.62,0.63,0.67,0.81,0.81,0.8
321,"love","word","action_words",0.17,0.1,0.22,0.21,0.22,0.35,0.38,0.5,0.56,0.62,0.67
322,"open","word","action_words",0.06,0.03,0.08,0.21,0.29,0.48,0.43,0.61,0.76,0.79,0.85
323,"play","word","action_words",0.14,0.14,0.14,0.22,0.27,0.34,0.42,0.49,0.6,0.67,0.69
324,"pull","word","action_words",0,0.02,0.03,0.06,0.11,0.15,0.19,0.29,0.38,0.42,0.49
325,"push","word","action_words",0,0.02,0.05,0.1,0.2,0.27,0.23,0.4,0.52,0.6,0.6
326,"put","word","action_words",0.06,0.02,0.02,0.07,0.13,0.25,0.29,0.45,0.55,0.51,0.55
327,"read","word","action_words",0.06,0.05,0.06,0.14,0.24,0.41,0.35,0.47,0.74,0.74,0.79
328,"ride","word","action_words",0.03,0.02,0.05,0.14,0.17,0.28,0.32,0.45,0.57,0.6,0.63
329,"run","word","action_words",0.03,0.02,0.01,0.03,0.06,0.12,0.18,0.32,0.47,0.54,0.73
330,"say","word","action_words",0.09,0.04,0.05,0.09,0.11,0.25,0.25,0.36,0.49,0.52,0.58
331,"see","word","action_words",0.11,0.15,0.18,0.2,0.24,0.33,0.38,0.56,0.59,0.62,0.65
332,"show","word","action_words",0,0.03,0.03,0.05,0.17,0.26,0.34,0.39,0.57,0.57,0.6
333,"sing","word","action_words",0.06,0.11,0.1,0.16,0.2,0.3,0.34,0.42,0.51,0.52,0.65
334,"sleep","word","action_words",0.11,0.14,0.17,0.26,0.24,0.39,0.4,0.6,0.69,0.72,0.8
335,"smile","word","action_words",0.14,0.19,0.22,0.27,0.27,0.26,0.33,0.45,0.42,0.47,0.54
336,"splash","word","action_words",0.14,0.23,0.12,0.28,0.27,0.42,0.46,0.4,0.66,0.73,0.74
337,"stop","word","action_words",0.11,0.13,0.23,0.22,0.39,0.45,0.51,0.6,0.75,0.75,0.82
338,"swim","word","action_words",0.03,0.06,0.01,0.09,0.13,0.13,0.12,0.19,0.27,0.33,0.31
339,"swing (action)","word","action_words",0.09,0.06,0.08,0.15,0.17,0.33,0.29,0.34,0.62,0.6,0.65
340,"take","word","action_words",0,0.03,0.01,0.05,0.08,0.14,0.15,0.37,0.38,0.39,0.46
341,"throw","word","action_words",0.03,0.09,0.08,0.16,0.32,0.51,0.5,0.6,0.8,0.87,0.89
342,"tickle","word","action_words",0.2,0.14,0.21,0.31,0.33,0.43,0.42,0.45,0.67,0.75,0.77
343,"touch","word","action_words",0.06,0.07,0.1,0.2,0.19,0.28,0.31,0.46,0.53,0.69,0.67
344,"watch (action)","word","action_words",0.03,0.04,0.05,0.1,0.1,0.17,0.24,0.38,0.39,0.44,0.48
345,"walk","word","action_words",0.17,0.13,0.14,0.31,0.41,0.49,0.52,0.6,0.69,0.71,0.8
346,"wash","word","action_words",0.09,0.1,0.12,0.17,0.22,0.33,0.38,0.46,0.62,0.65,0.74
347,"wipe","word","action_words",0.09,0.03,0.12,0.11,0.15,0.23,0.3,0.34,0.53,0.57,0.64
348,"write","word","action_words",0,0,0,0.01,0.04,0.05,0.11,0.2,0.21,0.28,0.37
349,"day","word","time_words",0.03,0.01,0.03,0.05,0.03,0.05,0.06,0.1,0.14,0.1,0.26
350,"later","word","time_words",0,0.01,0.03,0,0.03,0.05,0.05,0.09,0.16,0.19,0.31
351,"morning","word","time_words",0.03,0.06,0.06,0.04,0.06,0.07,0.06,0.14,0.17,0.12,0.31
352,"night","word","time_words",0.03,0.1,0.11,0.1,0.09,0.14,0.16,0.24,0.32,0.31,0.45
353,"now","word","time_words",0.06,0.05,0.04,0.02,0.07,0.08,0.12,0.21,0.22,0.28,0.46
354,"today","word","time_words",0.03,0.02,0.01,0.01,0.02,0.01,0.02,0.05,0.05,0.03,0.14
355,"tomorrow","word","time_words",0.03,0,0,0.01,0.03,0.01,0.01,0.06,0.04,0.04,0.08
356,"tonight","word","time_words",0.06,0,0.03,0.02,0.03,0.01,0.05,0.07,0.05,0.04,0.12
357,"all gone","word","descriptive_words",0.29,0.36,0.54,0.64,0.66,0.75,0.81,0.86,0.92,0.92,0.96
358,"asleep","word","descriptive_words",0.06,0.09,0.09,0.1,0.15,0.21,0.2,0.35,0.47,0.51,0.57
359,"bad","word","descriptive_words",0.14,0.06,0.15,0.24,0.24,0.26,0.33,0.45,0.42,0.42,0.46
360,"big","word","descriptive_words",0,0.05,0.08,0.12,0.1,0.2,0.26,0.31,0.4,0.4,0.43
361,"blue","word","descriptive_words",0,0,0.01,0.01,0.03,0.04,0.02,0.12,0.15,0.09,0.25
362,"broken","word","descriptive_words",0,0,0.01,0.02,0.06,0.06,0.15,0.19,0.24,0.33,0.43
363,"careful","word","descriptive_words",0.03,0.09,0.18,0.24,0.29,0.48,0.49,0.5,0.71,0.64,0.7
364,"clean (description)","word","descriptive_words",0,0.05,0.03,0.1,0.12,0.15,0.2,0.24,0.41,0.4,0.56
365,"cold","word","descriptive_words",0.09,0.03,0.04,0.14,0.12,0.25,0.31,0.43,0.55,0.61,0.65
366,"cute","word","descriptive_words",0.06,0.09,0.1,0.12,0.16,0.13,0.15,0.25,0.26,0.25,0.39
367,"dark","word","descriptive_words",0.03,0.02,0.01,0.01,0.03,0.05,0.12,0.13,0.18,0.22,0.31
368,"dirty","word","descriptive_words",0.09,0.07,0.1,0.21,0.15,0.3,0.35,0.45,0.6,0.58,0.68
369,"dry (description)","word","descriptive_words",0,0.03,0.01,0.04,0.06,0.08,0.06,0.17,0.26,0.24,0.3
370,"empty","word","descriptive_words",0.06,0.07,0.08,0.1,0.15,0.23,0.28,0.3,0.43,0.39,0.54
371,"fast","word","descriptive_words",0,0.02,0,0.02,0.04,0.05,0.08,0.12,0.17,0.2,0.38
372,"fine","word","descriptive_words",0,0,0,0,0.03,0.01,0.01,0.03,0.04,0.06,0.11
373,"gentle","word","descriptive_words",0.09,0.09,0.08,0.15,0.22,0.37,0.31,0.4,0.59,0.46,0.69
374,"good","word","descriptive_words",0.14,0.16,0.26,0.33,0.31,0.45,0.45,0.61,0.65,0.65,0.62
375,"happy","word","descriptive_words",0.06,0.06,0.1,0.11,0.16,0.18,0.27,0.36,0.34,0.4,0.48
376,"hard","word","descriptive_words",0.03,0,0.01,0.02,0.03,0.04,0.03,0.11,0.14,0.11,0.15
377,"hot","word","descriptive_words",0.09,0.09,0.15,0.23,0.27,0.46,0.55,0.65,0.81,0.89,0.96
378,"hungry","word","descriptive_words",0.17,0.13,0.21,0.24,0.31,0.44,0.42,0.48,0.7,0.67,0.74
379,"hurt","word","descriptive_words",0.03,0.02,0.05,0.09,0.08,0.13,0.22,0.24,0.34,0.4,0.57
380,"little (description)","word","descriptive_words",0,0.04,0,0.04,0.04,0.07,0.11,0.19,0.22,0.21,0.26
381,"naughty","word","descriptive_words",0.03,0.01,0.04,0.09,0.07,0.07,0.1,0.15,0.12,0.12,0.19
382,"nice","word","descriptive_words",0.06,0.06,0.09,0.19,0.17,0.21,0.29,0.4,0.4,0.43,0.42
383,"old","word","descriptive_words",0,0,0,0,0.01,0.01,0.02,0.03,0.04,0.02,0.1
384,"pretty","word","descriptive_words",0,0.1,0.1,0.1,0.2,0.21,0.27,0.34,0.38,0.34,0.51
385,"red","word","descriptive_words",0,0,0,0.01,0.04,0.04,0.02,0.07,0.12,0.07,0.23
386,"scared","word","descriptive_words",0.03,0,0.01,0.02,0.03,0.03,0.04,0.12,0.1,0.13,0.15
387,"sick","word","descriptive_words",0.03,0.02,0.01,0.06,0.06,0.04,0.05,0.1,0.12,0.15,0.2
388,"sleepy","word","descriptive_words",0.14,0.17,0.25,0.23,0.24,0.39,0.38,0.43,0.59,0.61,0.63
389,"soft","word","descriptive_words",0.03,0.06,0.05,0.07,0.1,0.18,0.16,0.24,0.38,0.39,0.57
390,"thirsty","word","descriptive_words",0.06,0.09,0.11,0.19,0.2,0.33,0.35,0.37,0.55,0.57,0.63
391,"tired","word","descriptive_words",0.03,0.12,0.11,0.18,0.15,0.32,0.31,0.47,0.55,0.49,0.51
392,"wet","word","descriptive_words",0.11,0.14,0.1,0.13,0.16,0.25,0.29,0.36,0.51,0.51,0.57
393,"yucky","word","descriptive_words",0.17,0.1,0.19,0.23,0.27,0.43,0.51,0.5,0.64,0.65,0.8
394,"his","word","pronouns",0.03,0.02,0,0.01,0.03,0.03,0.08,0.12,0.12,0.1,0.24
395,"her","word","pronouns",0.03,0.02,0.01,0,0.04,0.05,0.11,0.12,0.13,0.13,0.23
396,"I","word","pronouns",0.06,0.01,0.04,0.02,0.03,0.09,0.1,0.2,0.26,0.26,0.33
397,"it","word","pronouns",0.06,0.03,0.03,0.05,0.06,0.09,0.13,0.19,0.24,0.31,0.33
398,"me","word","pronouns",0.06,0.02,0.05,0.1,0.12,0.18,0.23,0.33,0.4,0.42,0.63
399,"mine","word","pronouns",0.06,0.06,0.1,0.13,0.17,0.18,0.27,0.36,0.47,0.51,0.62
400,"my","word","pronouns",0.06,0.02,0.02,0.02,0.06,0.1,0.08,0.18,0.26,0.19,0.45
401,"that","word","pronouns",0,0.04,0.05,0.06,0.12,0.24,0.25,0.36,0.41,0.43,0.48
402,"this","word","pronouns",0,0.03,0.04,0.07,0.1,0.17,0.25,0.31,0.36,0.26,0.48
403,"you","word","pronouns",0.06,0.11,0.08,0.09,0.18,0.23,0.32,0.39,0.42,0.52,0.57
404,"your","word","pronouns",0.03,0.04,0.05,0.03,0.1,0.16,0.13,0.2,0.31,0.35,0.37
405,"how","word","question_words",0,0,0.01,0.02,0.04,0.03,0.05,0.07,0.09,0.09,0.18
406,"what","word","question_words",0.09,0.05,0.07,0.12,0.2,0.27,0.25,0.36,0.47,0.47,0.48
407,"when","word","question_words",0.03,0,0,0,0.01,0.01,0.02,0.02,0.04,0.04,0.08
408,"where","word","question_words",0.11,0.09,0.09,0.22,0.31,0.42,0.34,0.42,0.61,0.64,0.62
409,"who","word","question_words",0.09,0.05,0.05,0.06,0.15,0.18,0.17,0.24,0.38,0.38,0.43
410,"why","word","question_words",0.03,0,0.01,0,0.03,0.01,0.04,0.1,0.06,0.08,0.18
411,"away","word","locations",0.03,0.04,0.03,0.03,0.09,0.08,0.08,0.18,0.23,0.26,0.32
412,"back","word","locations",0.03,0.03,0.08,0.02,0.09,0.12,0.15,0.25,0.33,0.29,0.51
413,"down","word","locations",0.14,0.1,0.19,0.33,0.39,0.51,0.58,0.6,0.79,0.72,0.88
414,"in","word","locations",0.06,0.04,0.02,0.16,0.24,0.37,0.32,0.44,0.61,0.62,0.7
415,"inside","word","locations",0.03,0.03,0.02,0.11,0.13,0.21,0.26,0.31,0.47,0.54,0.57
416,"off","word","locations",0.03,0.09,0.08,0.17,0.25,0.35,0.35,0.5,0.65,0.73,0.8
417,"on","word","locations",0.03,0.07,0.05,0.14,0.23,0.33,0.29,0.45,0.63,0.67,0.77
418,"out","word","locations",0.06,0.07,0.06,0.2,0.25,0.33,0.38,0.44,0.61,0.66,0.79
419,"there","word","locations",0.09,0.06,0.03,0.06,0.16,0.22,0.24,0.35,0.44,0.44,0.48
420,"under","word","locations",0.03,0.02,0.02,0.06,0.14,0.17,0.2,0.27,0.4,0.47,0.55
421,"up","word","locations",0.09,0.2,0.19,0.3,0.38,0.51,0.52,0.57,0.74,0.67,0.85
422,"all","word","quantifiers",0.03,0.03,0.01,0.06,0.06,0.09,0.1,0.17,0.27,0.2,0.3
423,"another","word","quantifiers",0,0.03,0.01,0.03,0.1,0.1,0.15,0.17,0.28,0.29,0.35
424,"more","word","quantifiers",0.06,0.16,0.17,0.38,0.38,0.53,0.51,0.6,0.79,0.74,0.83
425,"none","word","quantifiers",0.03,0.01,0.01,0.04,0.08,0.05,0.12,0.13,0.18,0.15,0.29
426,"not","word","quantifiers",0.03,0.01,0.01,0.03,0.06,0.07,0.05,0.12,0.19,0.17,0.29
427,"other","word","quantifiers",0,0,0.01,0.01,0.03,0.04,0.05,0.12,0.15,0.12,0.21
428,"same","word","quantifiers",0,0,0,0.02,0.03,0.01,0.02,0.05,0.07,0.07,0.11
429,"some","word","quantifiers",0.03,0.04,0.02,0.05,0.09,0.12,0.18,0.22,0.28,0.26,0.3
430,"armshow","gestures_first",NA,0,0,0,0,0,0,0,0,0,0,0
431,"reachout","gestures_first",NA,0,0,0,0,0,0,0,0,0,0,0
432,"points","gestures_first",NA,0,0,0,0,0,0,0,0,0,0,0
433,"waves","gestures_first",NA,0,0,0,0,0,0,0,0,0,0,0
434,"pickup","gestures_first",NA,0,0,0,0,0,0,0,0,0,0,0
435,"shakhead","gestures_first",NA,0,0,0,0,0,0,0,0,0,0,0
436,"nodhead","gestures_first",NA,0,0,0,0,0,0,0,0,0,0,0
437,"showhush","gestures_first",NA,0,0,0,0,0,0,0,0,0,0,0
438,"request","gestures_first",NA,0,0,0,0,0,0,0,0,0,0,0
439,"blowkiss","gestures_first",NA,0,0,0,0,0,0,0,0,0,0,0
440,"smacklip","gestures_first",NA,0,0,0,0,0,0,0,0,0,0,0
441,"shrugs","gestures_first",NA,0,0,0,0,0,0,0,0,0,0,0
442,"playpeek","gestures_games",NA,0,0,0,0,0,0,0,0,0,0,0
443,"patycak2","gestures_games",NA,0,0,0,0,0,0,0,0,0,0,0
444,"sobig","gestures_games",NA,0,0,0,0,0,0,0,0,0,0,0
445,"chase","gestures_games",NA,0,0,0,0,0,0,0,0,0,0,0
446,"dosing","gestures_games",NA,0,0,0,0,0,0,0,0,0,0,0
447,"dodance","gestures_games",NA,0,0,0,0,0,0,0,0,0,0,0
448,"eatspoon","gestures_objects",NA,0,0,0,0,0,0,0,0,0,0,0
449,"drinkcup","gestures_objects",NA,0,0,0,0,0,0,0,0,0,0,0
450,"combhair","gestures_objects",NA,0,0,0,0,0,0,0,0,0,0,0
451,"bshteeth","gestures_objects",NA,0,0,0,0,0,0,0,0,0,0,0
452,"wipeface","gestures_objects",NA,0,0,0,0,0,0,0,0,0,0,0
453,"puthat","gestures_objects",NA,0,0,0,0,0,0,0,0,0,0,0
454,"putshoe","gestures_objects",NA,0,0,0,0,0,0,0,0,0,0,0
455,"putwatch","gestures_objects",NA,0,0,0,0,0,0,0,0,0,0,0
456,"ptdsleep","gestures_objects",NA,0,0,0,0,0,0,0,0,0,0,0
457,"blowhot","gestures_objects",NA,0,0,0,0,0,0,0,0,0,0,0
458,"flyplane","gestures_objects",NA,0,0,0,0,0,0,0,0,0,0,0
459,"ptndtele","gestures_objects",NA,0,0,0,0,0,0,0,0,0,0,0
460,"snifflow","gestures_objects",NA,0,0,0,0,0,0,0,0,0,0,0
461,"pushcar","gestures_objects",NA,0,0,0,0,0,0,0,0,0,0,0
462,"throwges","gestures_objects",NA,0,0,0,0,0,0,0,0,0,0,0
463,"ptndpour","gestures_objects",NA,0,0,0,0,0,0,0,0,0,0,0
464,"ptndstir","gestures_objects",NA,0,0,0,0,0,0,0,0,0,0,0
465,"putobed","gestures_parent",NA,0,0,0,0,0,0,0,0,0,0,0
466,"cover","gestures_parent",NA,0,0,0,0,0,0,0,0,0,0,0
467,"feedbotl","gestures_parent",NA,0,0,0,0,0,0,0,0,0,0,0
468,"feedspon","gestures_parent",NA,0,0,0,0,0,0,0,0,0,0,0
469,"brushit","gestures_parent",NA,0,0,0,0,0,0,0,0,0,0,0
470,"burbit","gestures_parent",NA,0,0,0,0,0,0,0,0,0,0,0
471,"pushit","gestures_parent",NA,0,0,0,0,0,0,0,0,0,0,0
472,"rockit","gestures_parent",NA,0,0,0,0,0,0,0,0,0,0,0
473,"kissit","gestures_parent",NA,0,0,0,0,0,0,0,0,0,0,0
474,"dressit","gestures_parent",NA,0,0,0,0,0,0,0,0,0,0,0
475,"wipeit","gestures_parent",NA,0,0,0,0,0,0,0,0,0,0,0
476,"talkit","gestures_parent",NA,0,0,0,0,0,0,0,0,0,0,0
477,"diaperit","gestures_parent",NA,0,0,0,0,0,0,0,0,0,0,0
478,"sweep","gestures_adult",NA,0,0,0,0,0,0,0,0,0,0,0
479,"putkey","gestures_adult",NA,0,0,0,0,0,0,0,0,0,0,0
480,"pound","gestures_adult",NA,0,0,0,0,0,0,0,0,0,0,0
481,"usesaw","gestures_adult",NA,0,0,0,0,0,0,0,0,0,0,0
482,"type","gestures_adult",NA,0,0,0,0,0,0,0,0,0,0,0
483,"ptndread","gestures_adult",NA,0,0,0,0,0,0,0,0,0,0,0
484,"dovacuum","gestures_adult",NA,0,0,0,0,0,0,0,0,0,0,0
485,"waterplt","gestures_adult",NA,0,0,0,0,0,0,0,0,0,0,0
486,"playmus","gestures_adult",NA,0,0,0,0,0,0,0,0,0,0,0
487,"ptnddriv","gestures_adult",NA,0,0,0,0,0,0,0,0,0,0,0
488,"washdish","gestures_adult",NA,0,0,0,0,0,0,0,0,0,0,0
489,"usecloth","gestures_adult",NA,0,0,0,0,0,0,0,0,0,0,0
490,"usepen","gestures_adult",NA,0,0,0,0,0,0,0,0,0,0,0
491,"dig","gestures_adult",NA,0,0,0,0,0,0,0,0,0,0,0
492,"wearglas","gestures_adult",NA,0,0,0,0,0,0,0,0,0,0,0
